-- phpMyAdmin SQL Dump
-- version 4.1.12
-- http://www.phpmyadmin.net
--
-- Host: 127.0.0.1
-- Generation Time: Jul 12, 2014 at 06:08 PM
-- Server version: 5.5.36
-- PHP Version: 5.4.27

SET SQL_MODE = "NO_AUTO_VALUE_ON_ZERO";
SET time_zone = "+00:00";


/*!40101 SET @OLD_CHARACTER_SET_CLIENT=@@CHARACTER_SET_CLIENT */;
/*!40101 SET @OLD_CHARACTER_SET_RESULTS=@@CHARACTER_SET_RESULTS */;
/*!40101 SET @OLD_COLLATION_CONNECTION=@@COLLATION_CONNECTION */;
/*!40101 SET NAMES utf8 */;

--
-- Database: `skripsi_dev`
--

-- --------------------------------------------------------

--
-- Table structure for table `dummy_bobot`
--

CREATE TABLE IF NOT EXISTS `dummy_bobot` (
  `id` int(11) unsigned NOT NULL AUTO_INCREMENT,
  `0` decimal(3,2) NOT NULL,
  `1` decimal(3,2) NOT NULL,
  `2` decimal(3,2) NOT NULL,
  `3` decimal(3,2) NOT NULL,
  `4` decimal(3,2) NOT NULL,
  `5` decimal(3,2) NOT NULL,
  `6` decimal(3,2) NOT NULL,
  `7` decimal(3,2) NOT NULL,
  `8` decimal(3,2) NOT NULL,
  `9` decimal(3,2) NOT NULL,
  `10` decimal(3,2) NOT NULL,
  `11` decimal(3,2) NOT NULL,
  `12` decimal(3,2) NOT NULL,
  PRIMARY KEY (`id`)
) ENGINE=InnoDB DEFAULT CHARSET=utf8 AUTO_INCREMENT=1 ;

-- --------------------------------------------------------

--
-- Table structure for table `dummy_gap`
--

CREATE TABLE IF NOT EXISTS `dummy_gap` (
  `id` int(11) unsigned NOT NULL AUTO_INCREMENT,
  `0` int(11) NOT NULL,
  `1` int(11) NOT NULL,
  `2` int(11) NOT NULL,
  `3` int(11) NOT NULL,
  `4` int(11) NOT NULL,
  `5` int(11) NOT NULL,
  `6` int(11) NOT NULL,
  `7` int(11) NOT NULL,
  `8` int(11) NOT NULL,
  `9` int(11) NOT NULL,
  `10` int(11) NOT NULL,
  `11` int(11) NOT NULL,
  `12` int(11) NOT NULL,
  PRIMARY KEY (`id`)
) ENGINE=InnoDB DEFAULT CHARSET=utf8 AUTO_INCREMENT=1 ;

-- --------------------------------------------------------

--
-- Table structure for table `dummy_kriteria`
--

CREATE TABLE IF NOT EXISTS `dummy_kriteria` (
  `id` int(11) unsigned NOT NULL AUTO_INCREMENT,
  `raport` decimal(3,2) NOT NULL,
  `un` decimal(3,2) NOT NULL,
  `umum` decimal(3,2) NOT NULL,
  PRIMARY KEY (`id`)
) ENGINE=InnoDB DEFAULT CHARSET=utf8 AUTO_INCREMENT=1 ;

-- --------------------------------------------------------

--
-- Table structure for table `dummy_total`
--

CREATE TABLE IF NOT EXISTS `dummy_total` (
  `id` int(11) unsigned NOT NULL AUTO_INCREMENT,
  `total` decimal(3,2) NOT NULL,
  PRIMARY KEY (`id`)
) ENGINE=InnoDB DEFAULT CHARSET=utf8 AUTO_INCREMENT=1 ;

-- --------------------------------------------------------

--
-- Table structure for table `groups`
--

CREATE TABLE IF NOT EXISTS `groups` (
  `id` int(11) unsigned NOT NULL AUTO_INCREMENT,
  `name` varchar(10) NOT NULL,
  `raport_pai` int(11) NOT NULL,
  `raport_bin` int(11) NOT NULL,
  `raport_big` int(11) NOT NULL,
  `raport_mtk` int(11) NOT NULL,
  `raport_ipa` int(11) NOT NULL,
  `raport_ips` int(11) NOT NULL,
  `un_bin` int(11) NOT NULL,
  `un_big` int(11) NOT NULL,
  `un_mtk` int(11) NOT NULL,
  `un_ipa` int(11) NOT NULL,
  `tpa` int(11) NOT NULL,
  `bta` int(11) NOT NULL,
  `iq` int(11) NOT NULL,
  PRIMARY KEY (`id`)
) ENGINE=InnoDB  DEFAULT CHARSET=utf8 AUTO_INCREMENT=4 ;

--
-- Dumping data for table `groups`
--

INSERT INTO `groups` (`id`, `name`, `raport_pai`, `raport_bin`, `raport_big`, `raport_mtk`, `raport_ipa`, `raport_ips`, `un_bin`, `un_big`, `un_mtk`, `un_ipa`, `tpa`, `bta`, `iq`) VALUES
(1, 'AGAMA', 10, 10, 10, 10, 8, 8, 10, 7, 10, 7, 10, 10, 10),
(2, 'MIA', 8, 10, 10, 10, 10, 8, 7, 7, 10, 10, 10, 10, 10),
(3, 'IIS', 8, 10, 10, 10, 8, 10, 10, 7, 10, 7, 10, 10, 10);

-- --------------------------------------------------------

--
-- Table structure for table `migration`
--

CREATE TABLE IF NOT EXISTS `migration` (
  `type` varchar(25) NOT NULL,
  `name` varchar(50) NOT NULL,
  `migration` varchar(100) NOT NULL DEFAULT ''
) ENGINE=InnoDB DEFAULT CHARSET=utf8;

--
-- Dumping data for table `migration`
--

INSERT INTO `migration` (`type`, `name`, `migration`) VALUES
('app', 'default', '001_create_students'),
('app', 'default', '002_create_scores'),
('app', 'default', '003_create_results'),
('app', 'default', '004_create_settings'),
('app', 'default', '005_create_groups'),
('app', 'default', '006_create_dummy_gap'),
('app', 'default', '007_create_dummy_bobot'),
('app', 'default', '008_create_dummy_kriteria'),
('app', 'default', '009_create_dummy_total');

-- --------------------------------------------------------

--
-- Table structure for table `results`
--

CREATE TABLE IF NOT EXISTS `results` (
  `id` int(11) unsigned NOT NULL AUTO_INCREMENT,
  `student_id` int(11) unsigned NOT NULL,
  `raport_1` decimal(4,2) NOT NULL,
  `un_1` decimal(4,2) NOT NULL,
  `umum_1` decimal(4,2) NOT NULL,
  `total_1` decimal(4,2) NOT NULL,
  `raport_2` decimal(4,2) NOT NULL,
  `un_2` decimal(4,2) NOT NULL,
  `umum_2` decimal(4,2) NOT NULL,
  `total_2` decimal(4,2) NOT NULL,
  `created_at` int(11) DEFAULT NULL,
  `updated_at` int(11) DEFAULT NULL,
  PRIMARY KEY (`id`)
) ENGINE=InnoDB  DEFAULT CHARSET=utf8 AUTO_INCREMENT=147 ;

--
-- Dumping data for table `results`
--

INSERT INTO `results` (`id`, `student_id`, `raport_1`, `un_1`, `umum_1`, `total_1`, `raport_2`, `un_2`, `umum_2`, `total_2`, `created_at`, `updated_at`) VALUES
(1, 1, '3.50', '1.00', '2.00', '2.15', '3.50', '1.00', '2.00', '2.15', 1404563246, 1405116518),
(2, 2, '3.63', '0.88', '1.88', '2.10', '3.63', '0.88', '1.88', '2.10', 1404563325, NULL),
(3, 3, '3.50', '1.13', '1.63', '2.04', '3.50', '1.50', '1.63', '2.15', 1404563391, 1405116736),
(4, 4, '3.50', '1.75', '0.88', '1.93', '3.50', '2.00', '0.88', '2.00', 1404563453, NULL),
(5, 5, '3.38', '1.50', '1.50', '2.06', '3.38', '1.50', '1.50', '2.06', 1404563530, NULL),
(6, 6, '3.88', '2.25', '2.38', '2.79', '3.63', '1.56', '2.38', '2.51', 1404563606, 1405116888),
(7, 7, '3.50', '0.50', '1.38', '1.75', '3.50', '0.50', '1.38', '1.75', 1404563674, NULL),
(8, 8, '3.50', '0.75', '1.25', '1.78', '3.50', '1.13', '1.25', '1.89', 1404563778, NULL),
(9, 9, '3.50', '0.25', '1.63', '1.78', '3.50', '0.25', '1.63', '1.78', 1404563855, NULL),
(10, 10, '3.81', '2.00', '1.88', '2.49', '3.81', '2.00', '1.88', '2.49', 1404563939, NULL),
(11, 11, '3.50', '2.00', '1.63', '2.30', '3.50', '2.00', '1.63', '2.30', 1404564010, NULL),
(12, 12, '4.06', '1.06', '2.25', '2.44', '4.06', '2.00', '2.25', '2.72', 1404564095, NULL),
(13, 13, '3.50', '0.94', '2.00', '2.13', '3.50', '2.38', '2.00', '2.56', 1404564186, NULL),
(14, 14, '3.81', '0.88', '2.00', '2.21', '3.81', '0.88', '2.00', '2.21', 1404564268, NULL),
(15, 15, '4.00', '1.88', '1.75', '2.46', '4.00', '1.88', '1.75', '2.46', 1404564334, NULL),
(16, 16, '3.88', '1.13', '2.25', '2.40', '3.88', '0.88', '2.25', '2.33', 1404564398, NULL),
(17, 17, '3.69', '2.38', '3.25', '3.12', '3.69', '2.38', '3.25', '3.12', 1404564465, NULL),
(18, 18, '3.50', '1.13', '1.25', '1.89', '3.50', '1.13', '1.25', '1.89', 1404564557, NULL),
(19, 19, '3.50', '3.13', '2.25', '2.89', '3.50', '1.69', '2.25', '2.46', 1404564645, NULL),
(20, 20, '3.69', '1.75', '1.63', '2.28', '3.69', '1.75', '1.63', '2.28', 1404564716, NULL),
(21, 21, '3.94', '1.13', '2.38', '2.47', '3.94', '1.25', '2.38', '2.51', 1404564786, NULL),
(22, 22, '3.31', '1.38', '1.00', '1.81', '3.31', '1.63', '1.00', '1.88', 1404564859, NULL),
(23, 23, '3.50', '1.38', '1.25', '1.96', '3.50', '1.38', '1.25', '1.96', 1404564922, NULL),
(24, 24, '3.50', '0.88', '1.63', '1.96', '3.50', '1.25', '1.63', '2.08', 1404564998, NULL),
(25, 25, '4.13', '1.81', '2.00', '2.58', '4.13', '2.25', '2.00', '2.71', 1404565062, NULL),
(26, 26, '3.50', '1.63', '1.38', '2.09', '3.50', '1.63', '1.38', '2.09', 1404565203, 1404649607),
(27, 27, '3.50', '0.88', '1.63', '1.96', '3.50', '0.75', '1.63', '1.93', 1404565269, NULL),
(28, 28, '4.06', '0.75', '1.63', '2.09', '4.06', '0.75', '1.63', '2.09', 1404565327, NULL),
(29, 29, '3.94', '1.75', '1.63', '2.36', '4.19', '0.94', '1.63', '2.19', 1404565403, NULL),
(30, 30, '3.50', '1.13', '2.00', '2.19', '3.50', '1.13', '2.00', '2.19', 1404566718, NULL),
(31, 31, '3.50', '0.63', '1.25', '1.74', '3.50', '0.63', '1.25', '1.74', 1404566815, NULL),
(32, 32, '3.50', '2.50', '1.63', '2.45', '3.50', '2.50', '1.63', '2.45', 1404566883, NULL),
(33, 33, '3.69', '2.38', '2.75', '2.92', '3.44', '2.38', '2.75', '2.84', 1404566951, NULL),
(34, 34, '4.13', '3.75', '2.00', '3.16', '4.13', '3.75', '2.00', '3.16', 1404567022, NULL),
(35, 35, '3.50', '1.13', '2.38', '2.34', '3.50', '1.13', '2.38', '2.34', 1404567096, NULL),
(36, 36, '4.13', '1.00', '2.38', '2.49', '4.13', '1.38', '2.38', '2.60', 1404567183, NULL),
(37, 37, '4.13', '1.13', '1.75', '2.28', '4.13', '1.13', '1.75', '2.28', 1404567241, NULL),
(38, 38, '3.81', '0.75', '1.63', '2.02', '3.81', '0.63', '1.63', '1.98', 1404567293, NULL),
(39, 39, '3.50', '1.38', '2.00', '2.26', '3.50', '1.38', '2.00', '2.26', 1404567368, NULL),
(40, 40, '3.50', '1.19', '1.63', '2.06', '3.50', '1.88', '1.63', '2.26', 1404567425, NULL),
(41, 41, '3.44', '1.25', '1.25', '1.91', '3.44', '0.75', '1.25', '1.76', 1404567509, NULL),
(42, 42, '3.81', '1.75', '1.75', '2.37', '4.06', '0.81', '1.75', '2.16', 1404567574, NULL),
(43, 43, '3.44', '0.25', '0.63', '1.36', '3.44', '0.50', '0.63', '1.43', 1404567669, NULL),
(44, 44, '3.31', '1.00', '2.25', '2.19', '3.31', '1.50', '2.25', '2.34', 1404567730, NULL),
(45, 45, '4.25', '0.63', '2.13', '2.31', '4.00', '0.88', '2.13', '2.31', 1404567809, NULL),
(46, 46, '4.00', '1.38', '2.63', '2.66', '4.00', '1.38', '2.63', '2.66', 1404567909, NULL),
(47, 47, '2.81', '0.88', '1.00', '1.51', '2.88', '1.38', '1.00', '1.68', 1404567973, 1404641610),
(48, 48, '3.50', '1.75', '2.00', '2.38', '3.50', '1.75', '2.00', '2.38', 1404568036, NULL),
(49, 49, '3.94', '2.13', '2.25', '2.72', '4.19', '1.19', '2.25', '2.51', 1404568103, NULL),
(50, 50, '4.13', '1.56', '2.88', '2.86', '4.13', '2.25', '2.88', '3.06', 1404568176, NULL),
(51, 51, '3.63', '3.50', '1.88', '2.89', '3.63', '3.50', '1.88', '2.89', 1404568246, NULL),
(52, 52, '4.13', '3.44', '3.13', '3.52', '4.13', '3.44', '3.13', '3.52', 1404568319, NULL),
(53, 53, '3.63', '2.56', '1.38', '2.41', '3.63', '3.00', '1.38', '2.54', 1404568440, NULL),
(54, 54, '3.50', '0.38', '1.63', '1.81', '3.50', '0.38', '1.63', '1.81', 1404568516, NULL),
(55, 55, '3.69', '2.00', '1.38', '2.26', '3.69', '2.00', '1.38', '2.26', 1404568585, NULL),
(56, 56, '3.50', '0.75', '1.75', '1.98', '3.50', '1.00', '1.75', '2.05', 1404568646, NULL),
(57, 57, '3.50', '1.00', '0.75', '1.65', '3.50', '1.25', '0.75', '1.73', 1404568708, NULL),
(58, 58, '3.31', '2.50', '2.00', '2.54', '3.31', '2.50', '2.00', '2.54', 1404568785, NULL),
(59, 59, '3.69', '0.50', '1.63', '1.91', '3.69', '0.50', '1.63', '1.91', 1404568851, NULL),
(60, 60, '3.44', '0.81', '1.88', '2.03', '3.44', '1.75', '1.88', '2.31', 1404568921, NULL),
(61, 61, '3.88', '0.94', '2.63', '2.49', '3.88', '0.94', '2.63', '2.49', 1404569997, NULL),
(62, 62, '3.88', '1.38', '1.88', '2.33', '3.88', '1.38', '1.88', '2.33', 1404570060, NULL),
(63, 63, '3.50', '2.13', '1.63', '2.34', '3.50', '1.69', '1.63', '2.21', 1404570116, NULL),
(64, 64, '3.75', '1.19', '2.00', '2.28', '4.00', '1.88', '2.00', '2.56', 1404570173, NULL),
(65, 65, '3.69', '1.75', '2.00', '2.43', '3.69', '1.75', '2.00', '2.43', 1404570226, NULL),
(66, 66, '3.31', '1.50', '2.38', '2.39', '3.31', '1.50', '2.38', '2.39', 1404570277, NULL),
(67, 67, '4.13', '1.63', '3.25', '3.03', '4.13', '1.13', '3.25', '2.88', 1404570354, NULL),
(68, 68, '3.50', '1.50', '1.25', '2.00', '3.50', '1.50', '1.25', '2.00', 1404570411, NULL),
(69, 69, '3.50', '1.00', '1.75', '2.05', '3.50', '1.00', '1.75', '2.05', 1404570490, NULL),
(70, 70, '3.81', '1.13', '1.63', '2.13', '3.81', '1.13', '1.63', '2.13', 1404570588, NULL),
(71, 71, '4.13', '2.63', '2.38', '2.98', '4.13', '2.63', '2.38', '2.98', 1404570668, NULL),
(72, 72, '3.44', '0.94', '1.63', '1.96', '3.44', '0.94', '1.63', '1.96', 1404570734, NULL),
(73, 73, '3.63', '1.88', '2.00', '2.45', '3.88', '1.19', '2.00', '2.32', 1404570793, NULL),
(74, 74, '4.13', '1.19', '2.00', '2.39', '4.13', '2.13', '2.00', '2.68', 1404570855, NULL),
(75, 75, '4.00', '2.13', '1.75', '2.54', '4.00', '2.13', '1.75', '2.54', 1404570922, NULL),
(76, 76, '4.00', '1.38', '1.63', '2.26', '3.75', '1.38', '1.63', '2.19', 1404571002, NULL),
(77, 77, '4.06', '0.88', '1.63', '2.13', '3.81', '1.00', '1.63', '2.09', 1404571065, NULL),
(78, 78, '3.69', '2.31', '2.63', '2.85', '3.69', '2.75', '2.63', '2.98', 1404571125, NULL),
(79, 79, '3.94', '1.44', '2.38', '2.56', '3.94', '1.44', '2.38', '2.56', 1404571187, NULL),
(80, 80, '3.56', '0.81', '2.00', '2.11', '3.81', '1.63', '2.00', '2.43', 1404571253, NULL),
(81, 81, '3.44', '2.00', '2.63', '2.68', '3.44', '2.00', '2.63', '2.68', 1404571321, NULL),
(82, 82, '3.50', '1.88', '2.00', '2.41', '3.50', '1.88', '2.00', '2.41', 1404571375, NULL),
(83, 83, '3.50', '0.50', '1.63', '1.85', '3.50', '0.50', '1.63', '1.85', 1404571432, NULL),
(84, 84, '3.31', '1.25', '1.75', '2.07', '3.31', '1.25', '1.75', '2.07', 1404571494, NULL),
(85, 85, '3.50', '1.75', '2.00', '2.38', '3.50', '1.75', '2.00', '2.38', 1404571572, NULL),
(86, 86, '3.56', '1.00', '0.88', '1.72', '3.81', '0.75', '0.88', '1.72', 1404571654, NULL),
(87, 87, '3.63', '1.56', '1.63', '2.21', '3.63', '2.25', '1.63', '2.41', 1404571722, NULL),
(88, 88, '3.63', '1.19', '1.63', '2.09', '3.38', '2.13', '1.63', '2.30', 1404571792, NULL),
(89, 89, '4.06', '1.88', '0.88', '2.13', '4.06', '1.88', '0.88', '2.13', 1404571855, NULL),
(90, 90, '3.88', '1.06', '1.88', '2.23', '3.63', '1.75', '1.88', '2.36', 1404571928, NULL),
(91, 91, '3.50', '1.75', '3.00', '2.78', '3.50', '1.75', '3.00', '2.78', 1404571992, NULL),
(92, 92, '4.00', '1.50', '1.88', '2.40', '4.25', '0.69', '1.88', '2.23', 1404572459, NULL),
(93, 93, '3.31', '1.38', '1.25', '1.91', '3.31', '1.63', '1.25', '1.98', 1404572525, NULL),
(94, 94, '3.31', '0.75', '0.88', '1.57', '3.31', '0.75', '0.88', '1.57', 1404572601, NULL),
(95, 95, '3.50', '1.38', '2.00', '2.26', '3.50', '1.00', '2.00', '2.15', 1404572654, NULL),
(96, 96, '3.94', '2.44', '2.38', '2.86', '4.19', '3.38', '2.38', '3.22', 1404572712, NULL),
(97, 97, '3.50', '1.38', '1.88', '2.21', '3.50', '1.38', '1.88', '2.21', 1404572764, NULL),
(98, 98, '3.69', '1.88', '2.00', '2.47', '3.69', '1.88', '2.00', '2.47', 1404572832, NULL),
(99, 99, '3.50', '1.94', '1.63', '2.28', '3.50', '1.94', '1.63', '2.28', 1404572888, NULL),
(100, 100, '3.69', '1.63', '1.38', '2.14', '3.44', '0.94', '1.38', '1.86', 1404572942, NULL),
(101, 101, '4.19', '2.56', '2.63', '3.08', '4.19', '3.50', '2.63', '3.36', 1404573009, NULL),
(102, 102, '3.63', '0.88', '2.00', '2.15', '3.63', '1.13', '2.00', '2.23', 1404573062, NULL),
(103, 103, '3.69', '1.00', '1.25', '1.91', '3.44', '1.00', '1.25', '1.83', 1404573208, NULL),
(104, 104, '3.69', '0.88', '2.38', '2.32', '3.69', '1.25', '2.38', '2.43', 1404573321, NULL),
(105, 105, '3.50', '3.25', '2.13', '2.88', '3.50', '3.25', '2.13', '2.88', 1404573385, NULL),
(106, 106, '3.69', '1.50', '1.63', '2.21', '3.69', '1.50', '1.63', '2.21', 1404573439, NULL),
(107, 107, '3.63', '1.63', '2.13', '2.43', '3.88', '1.63', '2.13', '2.50', 1404573492, NULL),
(108, 108, '3.50', '0.75', '1.63', '1.93', '3.50', '1.00', '1.63', '2.00', 1404573559, NULL),
(109, 109, '3.50', '1.44', '1.25', '1.98', '3.50', '2.13', '1.25', '2.19', 1404573617, NULL),
(110, 110, '3.81', '1.88', '2.00', '2.51', '3.81', '1.88', '2.00', '2.51', 1404573673, NULL),
(111, 111, '3.50', '1.31', '2.00', '2.24', '3.50', '2.00', '2.00', '2.45', 1404573728, NULL),
(112, 112, '3.81', '0.63', '1.38', '1.88', '3.81', '0.63', '1.38', '1.88', 1404573787, NULL),
(113, 113, '3.44', '2.19', '3.00', '2.89', '3.69', '2.88', '3.00', '3.17', 1404573844, NULL),
(114, 114, '3.75', '2.00', '2.63', '2.78', '3.75', '2.00', '2.63', '2.78', 1404573915, NULL),
(115, 115, '3.81', '1.00', '1.38', '1.99', '3.81', '1.00', '1.38', '1.99', 1404573983, NULL),
(116, 116, '3.19', '1.75', '1.75', '2.18', '3.19', '1.75', '1.75', '2.18', 1404574062, NULL),
(117, 117, '3.44', '1.25', '1.25', '1.91', '3.44', '0.88', '1.25', '1.79', 1404574116, NULL),
(118, 118, '3.50', '0.88', '2.00', '2.11', '3.50', '1.00', '2.00', '2.15', 1404574174, NULL),
(119, 119, '3.94', '0.94', '1.63', '2.11', '3.94', '1.88', '1.63', '2.39', 1404574231, NULL),
(120, 120, '4.00', '1.75', '2.75', '2.83', '4.00', '1.50', '2.75', '2.75', 1404574282, NULL),
(121, 121, '3.94', '0.81', '2.38', '2.38', '3.94', '0.81', '2.38', '2.38', 1404574331, NULL),
(122, 122, '3.50', '1.88', '1.25', '2.11', '3.50', '1.88', '1.25', '2.11', 1404574382, NULL),
(123, 123, '3.50', '1.50', '1.63', '2.15', '3.50', '1.50', '1.63', '2.15', 1404574757, NULL),
(124, 124, '3.50', '2.31', '1.63', '2.39', '3.50', '2.31', '1.63', '2.39', 1404574840, NULL),
(125, 125, '3.50', '1.38', '1.38', '2.01', '3.50', '1.38', '1.38', '2.01', 1404574892, NULL),
(126, 126, '3.50', '1.44', '1.63', '2.13', '3.50', '2.13', '1.63', '2.34', 1404575023, NULL),
(127, 127, '3.50', '1.19', '1.63', '2.06', '3.50', '1.88', '1.63', '2.26', 1404575076, NULL),
(128, 128, '4.13', '2.13', '2.63', '2.93', '4.13', '2.13', '2.63', '2.93', 1404575130, NULL),
(129, 129, '3.50', '0.94', '1.75', '2.03', '3.50', '0.94', '1.75', '2.03', 1404575190, NULL),
(130, 130, '3.50', '0.94', '2.75', '2.43', '3.50', '1.88', '2.75', '2.71', 1404575258, NULL),
(131, 131, '3.69', '0.63', '2.00', '2.09', '3.69', '0.63', '2.00', '2.09', 1404575311, NULL),
(132, 132, '3.50', '1.13', '1.63', '2.04', '3.50', '1.13', '1.63', '2.04', 1404575364, NULL),
(133, 133, '4.13', '2.31', '2.75', '3.03', '4.13', '3.00', '2.75', '3.24', 1404575490, NULL),
(134, 134, '2.81', '1.88', '1.75', '2.11', '2.81', '1.88', '1.75', '2.11', 1404575539, NULL),
(135, 135, '4.13', '3.00', '2.25', '3.04', '4.13', '3.00', '2.25', '3.04', 1404575604, NULL),
(136, 136, '3.31', '1.38', '1.38', '1.96', '3.31', '1.13', '1.38', '1.88', 1404575655, NULL),
(137, 137, '3.88', '0.69', '2.00', '2.17', '3.88', '0.69', '2.00', '2.17', 1404575710, NULL),
(138, 138, '3.50', '2.13', '2.25', '2.59', '3.50', '1.69', '2.25', '2.46', 1404575790, NULL),
(139, 139, '3.50', '1.38', '1.00', '1.86', '3.50', '1.38', '1.00', '1.86', 1404575834, NULL),
(140, 140, '4.13', '1.88', '2.00', '2.60', '4.13', '1.88', '2.00', '2.60', 1404575919, NULL),
(141, 141, '3.50', '1.63', '0.88', '1.89', '3.50', '1.63', '0.88', '1.89', 1404575979, NULL),
(142, 142, '3.50', '1.50', '0.50', '1.70', '3.50', '1.50', '0.50', '1.70', 1404576039, NULL),
(143, 143, '3.44', '1.75', '1.50', '2.16', '3.44', '1.75', '1.50', '2.16', 1404576104, NULL),
(144, 144, '3.63', '1.13', '1.63', '2.08', '3.63', '1.13', '1.63', '2.08', 1404576150, NULL),
(145, 145, '3.69', '0.75', '1.38', '1.88', '3.44', '0.75', '1.38', '1.81', 1404576205, NULL),
(146, 146, '3.69', '0.50', '0.25', '1.36', '3.69', '0.50', '0.25', '1.36', 1404576259, NULL);

-- --------------------------------------------------------

--
-- Table structure for table `scores`
--

CREATE TABLE IF NOT EXISTS `scores` (
  `id` int(11) unsigned NOT NULL AUTO_INCREMENT,
  `student_id` int(11) unsigned NOT NULL,
  `raport_pai` decimal(4,2) NOT NULL,
  `raport_bin` decimal(4,2) NOT NULL,
  `raport_big` decimal(4,2) NOT NULL,
  `raport_mtk` decimal(4,2) NOT NULL,
  `raport_ipa` decimal(4,2) NOT NULL,
  `raport_ips` decimal(4,2) NOT NULL,
  `un_bin` decimal(4,2) NOT NULL,
  `un_big` decimal(4,2) NOT NULL,
  `un_mtk` decimal(4,2) NOT NULL,
  `un_ipa` decimal(4,2) NOT NULL,
  `tpa` int(3) NOT NULL,
  `bta` int(3) NOT NULL,
  `iq` int(3) NOT NULL,
  `created_at` int(11) DEFAULT NULL,
  `updated_at` int(11) DEFAULT NULL,
  PRIMARY KEY (`id`)
) ENGINE=InnoDB  DEFAULT CHARSET=utf8 AUTO_INCREMENT=147 ;

--
-- Dumping data for table `scores`
--

INSERT INTO `scores` (`id`, `student_id`, `raport_pai`, `raport_bin`, `raport_big`, `raport_mtk`, `raport_ipa`, `raport_ips`, `un_bin`, `un_big`, `un_mtk`, `un_ipa`, `tpa`, `bta`, `iq`, `created_at`, `updated_at`) VALUES
(1, 1, '8.14', '7.68', '7.72', '7.70', '7.94', '7.76', '7.20', '4.80', '4.50', '4.25', 56, 79, 101, 1404563246, NULL),
(2, 2, '8.17', '8.42', '8.54', '8.38', '8.50', '8.10', '6.20', '4.20', '3.50', '4.00', 48, 84, 119, 1404563325, NULL),
(3, 3, '8.20', '8.02', '8.06', '7.70', '7.60', '8.08', '7.20', '6.20', '3.00', '4.00', 60, 72, 90, 1404563391, NULL),
(4, 4, '7.84', '8.34', '7.70', '7.80', '7.74', '7.96', '7.20', '5.00', '5.75', '6.00', 54, 64, 104, 1404563453, NULL),
(5, 5, '8.12', '8.02', '7.58', '7.54', '7.34', '8.08', '6.60', '5.60', '2.25', '4.25', 50, 69, 114, 1404563530, NULL),
(6, 6, '8.38', '8.86', '8.28', '8.42', '8.50', '8.08', '6.20', '6.60', '5.00', '7.50', 58, 85, 95, 1404563606, NULL),
(7, 7, '7.90', '7.95', '7.61', '7.55', '7.80', '7.85', '5.40', '3.60', '4.00', '3.75', 34, 77, 86, 1404563674, NULL),
(8, 8, '8.12', '8.42', '7.88', '7.80', '7.88', '8.00', '6.80', '3.40', '3.50', '3.75', 42, 73, 104, 1404563778, NULL),
(9, 9, '8.46', '8.46', '8.36', '8.38', '8.38', '8.40', '5.40', '3.00', '2.75', '3.25', 44, 80, 90, 1404563855, NULL),
(10, 10, '8.17', '8.50', '8.48', '8.54', '8.50', '8.04', '9.40', '4.00', '5.25', '4.25', 58, 74, 119, 1404563939, NULL),
(11, 11, '7.96', '7.86', '7.66', '7.64', '7.86', '7.86', '8.00', '5.60', '3.50', '5.25', 42, 78, 90, 1404564010, NULL),
(12, 12, '8.31', '8.52', '8.54', '8.56', '8.48', '8.24', '7.80', '6.20', '4.00', '5.25', 60, 84, 118, 1404564095, NULL),
(13, 13, '8.26', '8.46', '8.18', '8.10', '8.10', '8.38', '9.00', '6.00', '2.50', '5.00', 60, 81, 95, 1404564186, NULL),
(14, 14, '8.63', '8.46', '8.46', '8.64', '8.52', '8.48', '5.00', '4.20', '4.25', '6.75', 50, 85, 95, 1404564268, NULL),
(15, 15, '8.91', '8.80', '8.62', '8.44', '8.46', '8.62', '8.00', '6.20', '2.75', '4.25', 58, 80, 88, 1404564333, NULL),
(16, 16, '8.25', '8.60', '8.52', '8.42', '8.48', '8.18', '7.00', '4.00', '3.75', '2.75', 74, 72, 111, 1404564398, NULL),
(17, 17, '8.49', '8.18', '8.22', '9.10', '8.28', '8.32', '8.00', '6.00', '6.25', '4.50', 70, 92, 133, 1404564465, NULL),
(18, 18, '7.96', '8.04', '7.86', '7.74', '7.92', '8.04', '6.00', '5.60', '4.00', '3.50', 38, 74, 98, 1404564557, NULL),
(19, 19, '8.16', '7.84', '7.86', '8.24', '8.02', '8.04', '8.60', '5.60', '6.75', '4.75', 56, 78, 113, 1404564645, NULL),
(20, 20, '8.24', '8.34', '8.52', '7.98', '8.00', '7.88', '7.80', '5.00', '2.50', '3.50', 48, 79, 96, 1404564716, NULL),
(21, 21, '8.68', '8.52', '8.42', '8.56', '8.54', '8.64', '5.60', '4.00', '5.50', '3.50', 70, 76, 99, 1404564786, NULL),
(22, 22, '8.42', '8.14', '7.62', '7.40', '7.92', '8.10', '7.20', '4.80', '5.00', '5.50', 58, 62, 80, 1404564859, NULL),
(23, 23, '8.30', '8.42', '7.82', '8.04', '8.18', '8.28', '7.20', '5.40', '2.50', '4.00', 44, 70, 101, 1404564922, NULL),
(24, 24, '8.48', '8.28', '8.06', '8.04', '8.02', '8.46', '7.40', '4.20', '3.75', '4.25', 54, 83, 104, 1404564998, NULL),
(25, 25, '8.80', '8.86', '8.84', '8.66', '8.80', '8.58', '8.40', '5.80', '3.50', '6.50', 72, 74, 106, 1404565062, NULL),
(26, 26, '8.02', '8.46', '8.02', '8.04', '8.14', '8.06', '8.20', '4.20', '3.75', '4.25', 54, 79, 86, 1404565203, NULL),
(27, 27, '7.98', '7.94', '7.76', '7.70', '7.90', '8.18', '5.80', '3.80', '4.00', '4.25', 40, 75, 103, 1404565269, NULL),
(28, 28, '8.12', '8.56', '8.50', '8.40', '8.52', '8.14', '5.80', '4.00', '2.75', '3.25', 46, 80, 103, 1404565327, NULL),
(29, 29, '8.67', '8.58', '8.64', '8.62', '8.58', '8.46', '8.00', '4.80', '3.75', '3.75', 54, 82, 99, 1404565403, NULL),
(30, 30, '8.12', '7.90', '7.74', '7.78', '7.76', '7.70', '6.40', '4.60', '2.75', '4.75', 62, 79, 95, 1404566718, NULL),
(31, 31, '7.82', '7.86', '7.70', '7.70', '7.76', '7.84', '5.40', '3.80', '2.25', '5.25', 40, 66, 96, 1404566815, NULL),
(32, 32, '8.12', '7.84', '7.80', '7.76', '7.82', '7.70', '7.00', '5.20', '6.75', '6.75', 46, 79, 103, 1404566883, NULL),
(33, 33, '8.94', '8.48', '8.02', '7.50', '7.78', '8.12', '8.60', '6.20', '3.75', '4.50', 66, 90, 99, 1404566951, NULL),
(34, 34, '8.75', '8.88', '8.56', '8.60', '8.52', '8.62', '7.60', '8.20', '8.75', '8.25', 54, 86, 96, 1404567022, NULL),
(35, 35, '8.02', '8.28', '7.87', '7.88', '8.17', '7.95', '6.80', '6.00', '3.50', '3.75', 74, 75, 90, 1404567096, NULL),
(36, 36, '8.67', '8.80', '8.70', '8.80', '8.70', '8.80', '7.20', '5.00', '2.75', '4.00', 62, 87, 98, 1404567183, NULL),
(37, 37, '8.98', '8.84', '8.90', '8.70', '8.98', '8.60', '6.80', '3.60', '2.25', '2.75', 48, 85, 85, 1404567241, NULL),
(38, 38, '8.58', '8.60', '8.44', '8.44', '8.58', '8.48', '5.60', '3.00', '2.50', '4.00', 38, 82, 101, 1404567293, NULL),
(39, 39, '8.18', '8.18', '7.74', '7.60', '7.72', '7.84', '7.40', '4.60', '3.75', '5.75', 74, 70, 103, 1404567368, NULL),
(40, 40, '8.02', '8.18', '7.90', '7.88', '8.04', '7.70', '7.60', '4.00', '3.75', '5.50', 50, 84, 95, 1404567425, NULL),
(41, 41, '8.60', '8.44', '8.04', '8.30', '8.36', '8.36', '7.40', '3.40', '2.75', '4.50', 48, 70, 95, 1404567509, NULL),
(42, 42, '8.26', '8.62', '8.60', '8.46', '8.52', '8.42', '8.00', '4.00', '2.75', '4.50', 73, 70, 86, 1404567574, NULL),
(43, 43, '8.70', '7.82', '7.94', '8.14', '7.86', '7.72', '3.20', '3.20', '2.75', '5.25', 36, 58, 86, 1404567669, NULL),
(44, 44, '8.18', '8.28', '8.30', '7.25', '8.22', '8.42', '7.40', '4.80', '4.50', '4.75', 60, 80, 118, 1404567730, NULL),
(45, 45, '8.20', '8.66', '8.62', '8.50', '8.50', '8.38', '6.00', '3.00', '3.75', '5.00', 74, 76, 85, 1404567809, NULL),
(46, 46, '8.48', '8.56', '8.58', '8.58', '8.56', '8.44', '6.80', '4.40', '3.00', '5.00', 73, 75, 114, 1404567909, NULL),
(47, 47, '7.96', '7.70', '7.24', '7.08', '7.00', '7.44', '6.80', '3.80', '4.00', '5.25', 36, 72, 85, 1404567973, NULL),
(48, 48, '8.48', '8.14', '7.96', '7.78', '7.88', '8.14', '7.80', '5.20', '4.00', '4.00', 50, 90, 98, 1404568036, NULL),
(49, 49, '8.58', '8.84', '8.86', '8.82', '8.74', '8.48', '7.60', '7.00', '4.00', '5.25', 64, 80, 110, 1404568103, NULL),
(50, 50, '8.61', '8.72', '8.66', '8.82', '8.58', '8.68', '8.00', '6.60', '4.50', '5.75', 56, 88, 123, 1404568176, NULL),
(51, 51, '9.25', '8.10', '8.36', '8.86', '8.36', '8.06', '8.20', '6.80', '7.75', '6.50', 54, 84, 110, 1404568246, NULL),
(52, 52, '8.80', '8.78', '9.00', '8.68', '8.76', '8.62', '8.00', '7.00', '7.75', '7.75', 76, 87, 99, 1404568319, NULL),
(53, 53, '8.82', '9.02', '8.20', '8.38', '8.38', '8.42', '8.00', '6.00', '7.00', '7.00', 52, 77, 86, 1404568440, NULL),
(54, 54, '8.37', '8.18', '8.22', '8.30', '8.15', '8.32', '5.40', '3.80', '3.00', '2.75', 36, 83, 95, 1404568516, NULL),
(55, 55, '8.26', '8.48', '8.56', '8.40', '8.46', '8.06', '8.00', '6.20', '2.50', '4.50', 48, 84, 86, 1404568585, NULL),
(56, 56, '8.11', '7.98', '7.90', '7.68', '8.10', '7.92', '6.20', '4.40', '2.75', '4.50', 52, 85, 86, 1404568646, NULL),
(57, 57, '8.40', '8.32', '7.82', '7.76', '8.08', '7.62', '6.80', '4.80', '2.00', '2.50', 46, 40, 113, 1404568708, NULL),
(58, 58, '8.24', '8.20', '7.58', '7.26', '7.66', '8.04', '8.00', '5.00', '5.50', '6.75', 44, 86, 90, 1404568785, NULL),
(59, 59, '7.92', '8.20', '8.76', '7.70', '7.78', '7.78', '4.00', '3.60', '3.75', '4.25', 28, 80, 98, 1404568851, NULL),
(60, 60, '9.00', '7.80', '8.22', '8.28', '8.10', '8.08', '8.20', '4.00', '3.50', '5.25', 44, 80, 119, 1404568921, NULL),
(61, 61, '8.21', '8.56', '8.42', '8.60', '8.48', '8.26', '7.80', '4.60', '4.50', '5.25', 68, 78, 110, 1404569997, NULL),
(62, 62, '7.92', '8.48', '8.52', '8.56', '8.48', '8.20', '8.40', '4.00', '3.50', '2.25', 50, 84, 114, 1404570060, NULL),
(63, 63, '7.90', '7.78', '7.68', '7.68', '7.84', '7.88', '8.20', '4.60', '3.75', '6.50', 58, 70, 98, 1404570116, NULL),
(64, 64, '8.65', '8.58', '8.46', '8.52', '8.44', '8.66', '7.80', '4.00', '5.00', '5.50', 64, 80, 95, 1404570173, NULL),
(65, 65, '8.20', '8.50', '7.94', '7.84', '8.04', '8.32', '7.80', '4.60', '3.00', '4.25', 56, 84, 103, 1404570226, NULL),
(66, 66, '8.18', '8.02', '7.44', '7.84', '7.78', '8.46', '6.80', '5.00', '2.75', '5.00', 44, 95, 95, 1404570277, NULL),
(67, 67, '8.71', '8.62', '8.56', '8.64', '8.72', '8.52', '7.40', '5.80', '4.75', '5.25', 80, 76, 121, 1404570354, NULL),
(68, 68, '7.88', '8.10', '7.72', '7.76', '7.68', '7.82', '8.20', '3.00', '3.50', '3.50', 46, 70, 90, 1404570411, NULL),
(69, 69, '8.05', '8.02', '7.95', '7.82', '7.90', '7.88', '6.00', '3.80', '1.75', '4.75', 73, 68, 85, 1404570490, NULL),
(70, 70, '8.42', '8.64', '8.56', '8.40', '8.54', '8.40', '6.60', '3.60', '3.75', '3.00', 46, 80, 99, 1404570588, NULL),
(71, 71, '8.79', '8.72', '8.52', '8.66', '8.56', '8.94', '8.60', '6.60', '2.50', '6.25', 62, 85, 95, 1404570668, NULL),
(72, 72, '8.96', '8.08', '7.92', '8.20', '8.02', '8.06', '8.00', '5.00', '5.00', '4.50', 50, 82, 99, 1404570734, NULL),
(73, 73, '8.28', '8.48', '8.40', '8.54', '8.56', '8.20', '7.80', '4.20', '3.50', '5.50', 54, 85, 96, 1404570793, NULL),
(74, 74, '8.59', '8.80', '8.60', '8.52', '8.60', '8.62', '8.00', '6.80', '4.25', '4.50', 73, 73, 98, 1404570855, NULL),
(75, 75, '9.08', '8.62', '8.04', '8.60', '8.46', '8.56', '8.00', '5.80', '5.25', '6.00', 62, 84, 85, 1404570922, NULL),
(76, 76, '8.61', '8.44', '8.60', '8.64', '8.54', '8.42', '7.20', '4.60', '3.50', '4.25', 32, 77, 103, 1404571002, NULL),
(77, 77, '8.22', '8.60', '8.54', '8.42', '8.54', '8.15', '6.00', '4.80', '2.75', '4.00', 52, 77, 104, 1404571065, NULL),
(78, 78, '8.20', '8.62', '8.32', '8.38', '8.26', '8.12', '8.00', '7.20', '6.00', '6.75', 60, 85, 116, 1404571125, NULL),
(79, 79, '8.59', '8.58', '8.46', '8.82', '8.58', '8.74', '8.00', '2.80', '5.50', '6.00', 64, 85, 95, 1404571187, NULL),
(80, 80, '8.62', '8.48', '8.38', '8.56', '8.46', '8.56', '7.60', '4.20', '4.25', '3.50', 46, 85, 90, 1404571253, NULL),
(81, 81, '8.38', '8.48', '8.48', '8.46', '8.50', '8.40', '7.80', '6.40', '4.75', '4.50', 68, 84, 113, 1404571321, NULL),
(82, 82, '8.30', '8.26', '8.24', '8.32', '8.12', '8.14', '8.20', '5.00', '4.75', '5.00', 48, 90, 106, 1404571375, NULL),
(83, 83, '7.78', '7.62', '7.76', '7.66', '7.78', '7.70', '5.00', '3.80', '2.50', '4.25', 42, 80, 95, 1404571432, NULL),
(84, 84, '7.50', '7.56', '7.43', '7.70', '7.80', '7.54', '5.60', '5.60', '3.25', '4.50', 60, 84, 86, 1404571494, NULL),
(85, 85, '8.11', '8.28', '8.02', '7.87', '8.12', '8.20', '7.60', '5.40', '3.50', '3.75', 56, 83, 99, 1404571572, NULL),
(86, 86, '8.60', '8.46', '8.42', '8.62', '8.52', '8.40', '6.40', '4.00', '2.75', '4.75', 42, 60, 90, 1404571654, NULL),
(87, 87, '9.25', '7.82', '7.92', '8.56', '8.00', '7.82', '8.40', '6.80', '4.75', '5.50', 58, 72, 101, 1404571722, NULL),
(88, 88, '8.59', '8.38', '8.46', '8.42', '8.62', '8.44', '8.20', '6.60', '4.00', '5.25', 50, 75, 90, 1404571792, NULL),
(89, 89, '8.28', '8.58', '8.52', '8.54', '8.48', '8.16', '8.00', '8.20', '3.75', '6.50', 50, 60, 96, 1404571855, NULL),
(90, 90, '8.19', '8.48', '8.38', '8.54', '8.56', '8.10', '7.60', '3.20', '3.75', '5.50', 54, 80, 113, 1404571928, NULL),
(91, 91, '8.08', '7.94', '7.72', '7.64', '7.76', '8.02', '8.00', '4.20', '5.25', '5.00', 66, 86, 110, 1404571992, NULL),
(92, 92, '8.46', '8.50', '8.50', '8.54', '8.56', '8.38', '8.20', '3.20', '3.25', '4.25', 50, 84, 113, 1404572459, NULL),
(93, 93, '7.57', '7.68', '7.36', '7.80', '8.06', '7.80', '7.00', '5.00', '4.75', '5.50', 54, 72, 95, 1404572525, NULL),
(94, 94, '7.62', '7.52', '7.48', '7.52', '7.60', '7.56', '6.00', '3.60', '4.25', '2.75', 36, 64, 106, 1404572601, NULL),
(95, 95, '8.13', '8.22', '8.06', '8.12', '8.06', '8.20', '7.20', '5.20', '2.25', '4.00', 62, 84, 106, 1404572654, NULL),
(96, 96, '8.71', '8.56', '8.50', '8.58', '8.46', '8.72', '8.60', '6.20', '7.00', '7.25', 66, 81, 101, 1404572712, NULL),
(97, 97, '8.00', '8.34', '8.44', '8.12', '8.38', '7.78', '6.60', '4.60', '4.25', '3.50', 52, 78, 111, 1404572764, NULL),
(98, 98, '8.02', '8.54', '7.86', '7.68', '7.78', '8.10', '7.60', '5.20', '3.25', '4.75', 60, 75, 101, 1404572832, NULL),
(99, 99, '8.42', '8.26', '7.96', '8.30', '8.48', '7.98', '8.20', '3.80', '5.50', '6.50', 48, 81, 95, 1404572888, NULL),
(100, 100, '8.52', '7.96', '8.06', '7.86', '7.86', '8.12', '8.00', '4.80', '2.50', '2.50', 40, 81, 85, 1404572942, NULL),
(101, 101, '8.96', '8.88', '8.86', '8.56', '9.02', '8.44', '8.60', '7.40', '7.00', '7.00', 78, 73, 110, 1404573009, NULL),
(102, 102, '8.56', '8.56', '8.40', '8.38', '8.38', '8.42', '7.40', '4.00', '3.00', '3.25', 56, 80, 96, 1404573062, NULL),
(103, 103, '9.30', '8.42', '7.76', '7.84', '7.92', '7.78', '6.40', '5.40', '3.25', '3.75', 46, 65, 95, 1404573208, NULL),
(104, 104, '8.14', '8.40', '8.54', '8.44', '8.48', '8.08', '7.00', '4.20', '2.75', '3.50', 77, 72, 96, 1404573321, NULL),
(105, 105, '8.39', '8.46', '8.24', '8.28', '8.42', '8.18', '8.80', '8.20', '7.25', '9.25', 56, 91, 85, 1404573385, NULL),
(106, 106, '8.10', '8.54', '7.88', '8.00', '8.04', '8.32', '7.20', '4.60', '3.50', '5.25', 36, 84, 95, 1404573439, NULL),
(107, 107, '8.53', '8.50', '8.44', '8.48', '8.48', '8.42', '7.60', '3.40', '4.50', '4.75', 46, 77, 121, 1404573492, NULL),
(108, 108, '8.06', '7.92', '7.78', '7.68', '7.80', '7.86', '7.20', '2.80', '3.25', '2.50', 38, 75, 98, 1404573559, NULL),
(109, 109, '7.74', '7.84', '7.52', '7.70', '7.66', '7.78', '8.40', '6.20', '4.25', '6.00', 46, 67, 101, 1404573617, NULL),
(110, 110, '8.82', '8.62', '8.46', '8.36', '8.46', '8.62', '7.60', '3.60', '4.00', '6.00', 54, 87, 101, 1404573673, NULL),
(111, 111, '8.28', '8.26', '8.04', '7.84', '7.98', '8.12', '8.40', '5.20', '4.50', '5.75', 50, 85, 95, 1404573728, NULL),
(112, 112, '8.66', '8.50', '8.42', '8.38', '8.44', '8.54', '6.40', '3.20', '3.25', '3.00', 48, 83, 85, 1404573787, NULL),
(113, 113, '8.70', '8.10', '8.36', '7.88', '8.38', '8.04', '8.20', '6.40', '6.75', '5.50', 68, 90, 118, 1404573844, NULL),
(114, 114, '8.53', '8.54', '8.50', '8.46', '8.50', '8.42', '8.40', '5.80', '3.75', '5.25', 73, 76, 114, 1404573915, NULL),
(115, 115, '8.51', '8.58', '8.46', '8.40', '8.40', '8.54', '5.80', '5.20', '3.75', '3.50', 42, 80, 86, 1404573983, NULL),
(116, 116, '7.86', '7.80', '7.62', '7.32', '7.00', '7.74', '7.80', '5.40', '2.50', '3.75', 40, 85, 85, 1404574062, NULL),
(117, 117, '8.60', '7.92', '8.22', '8.28', '8.06', '7.90', '6.60', '3.80', '2.75', '3.50', 64, 57, 95, 1404574116, NULL),
(118, 118, '8.02', '7.90', '7.88', '8.00', '7.92', '7.92', '5.60', '5.00', '3.25', '3.75', 56, 79, 91, 1404574174, NULL),
(119, 119, '8.58', '8.60', '8.46', '8.70', '8.60', '8.54', '7.80', '4.60', '3.50', '4.50', 52, 83, 101, 1404574231, NULL),
(120, 120, '8.60', '8.44', '8.82', '9.16', '8.66', '7.86', '6.80', '6.40', '4.75', '5.50', 68, 94, 101, 1404574282, NULL),
(121, 121, '8.67', '8.68', '8.44', '8.60', '8.56', '8.52', '8.00', '4.40', '4.00', '4.50', 62, 85, 90, 1404574331, NULL),
(122, 122, '8.30', '8.48', '8.06', '7.84', '7.88', '7.92', '8.00', '4.00', '5.00', '5.50', 48, 70, 106, 1404574382, NULL),
(123, 123, '7.72', '7.98', '7.90', '7.96', '7.80', '7.84', '7.00', '5.20', '2.50', '4.75', 40, 76, 101, 1404574757, NULL),
(124, 124, '8.10', '8.38', '7.90', '8.02', '7.88', '8.10', '8.40', '7.60', '5.25', '7.00', 50, 80, 96, 1404574840, NULL),
(125, 125, '8.16', '8.26', '8.36', '8.30', '8.18', '8.04', '6.80', '3.80', '4.25', '4.50', 46, 75, 86, 1404574892, NULL),
(126, 126, '8.10', '8.10', '7.86', '7.80', '7.86', '7.96', '8.20', '6.20', '3.25', '6.25', 54, 82, 96, 1404575023, NULL),
(127, 127, '7.78', '7.90', '7.90', '7.92', '8.00', '7.70', '8.00', '4.00', '3.50', '6.00', 56, 70, 96, 1404575076, NULL),
(128, 128, '8.63', '8.82', '8.52', '8.66', '8.76', '8.54', '8.60', '5.20', '4.25', '4.00', 64, 90, 118, 1404575130, NULL),
(129, 129, '8.46', '8.16', '7.88', '7.86', '8.16', '7.92', '7.80', '4.80', '4.50', '3.25', 50, 90, 86, 1404575190, NULL),
(130, 130, '8.40', '8.26', '8.02', '7.96', '8.14', '7.94', '7.60', '4.60', '4.75', '5.25', 76, 75, 95, 1404575258, NULL),
(131, 131, '8.02', '8.50', '8.04', '7.90', '8.06', '7.80', '5.40', '4.40', '3.00', '4.50', 46, 90, 103, 1404575311, NULL),
(132, 132, '8.30', '7.88', '7.52', '7.54', '7.78', '7.96', '6.00', '3.00', '3.00', '6.75', 52, 75, 96, 1404575364, NULL),
(133, 133, '8.82', '8.90', '9.00', '9.20', '8.80', '8.90', '8.40', '6.80', '7.00', '5.75', 66, 90, 104, 1404575490, NULL),
(134, 134, '7.78', '7.35', '7.08', '7.25', '7.24', '7.90', '8.40', '5.40', '4.00', '4.50', 56, 82, 86, 1404575539, NULL),
(135, 135, '8.89', '9.00', '8.74', '9.08', '8.84', '9.02', '8.80', '7.00', '5.75', '5.50', 56, 83, 111, 1404575604, NULL),
(136, 136, '8.08', '8.00', '7.40', '7.62', '7.72', '7.84', '6.40', '3.20', '3.00', '6.50', 46, 83, 85, 1404575655, NULL),
(137, 137, '8.28', '8.70', '8.62', '8.48', '8.48', '8.20', '8.60', '3.80', '2.50', '4.25', 60, 81, 93, 1404575710, NULL),
(138, 138, '7.94', '7.80', '7.68', '7.90', '7.68', '7.98', '7.60', '4.60', '3.50', '6.50', 58, 82, 119, 1404575790, NULL),
(139, 139, '7.86', '7.84', '7.80', '7.88', '7.96', '7.84', '6.40', '4.40', '6.00', '5.25', 34, 70, 86, 1404575834, NULL),
(140, 140, '8.73', '8.94', '8.74', '8.74', '8.58', '8.58', '8.20', '4.20', '4.50', '5.75', 62, 81, 98, 1404575919, NULL),
(141, 141, '7.70', '7.94', '7.66', '7.68', '7.74', '7.82', '8.00', '3.40', '1.75', '4.75', 54, 60, 104, 1404575979, NULL),
(142, 142, '7.88', '7.92', '7.72', '7.68', '7.70', '7.78', '7.40', '5.40', '2.25', '4.75', 40, 45, 106, 1404576039, NULL),
(143, 143, '8.68', '8.12', '7.96', '7.96', '8.18', '8.16', '7.80', '4.40', '5.25', '5.00', 52, 69, 113, 1404576104, NULL),
(144, 144, '8.21', '8.44', '8.56', '8.40', '8.56', '8.06', '7.40', '3.60', '3.50', '3.00', 44, 77, 96, 1404576150, NULL),
(145, 145, '8.70', '7.70', '7.78', '7.90', '7.86', '7.60', '6.20', '3.80', '2.50', '2.75', 28, 75, 86, 1404576205, NULL),
(146, 146, '8.16', '8.44', '8.52', '8.36', '8.48', '8.26', '5.00', '4.20', '4.25', '3.75', 30, 35, 85, 1404576259, NULL);

-- --------------------------------------------------------

--
-- Table structure for table `settings`
--

CREATE TABLE IF NOT EXISTS `settings` (
  `id` int(11) unsigned NOT NULL AUTO_INCREMENT,
  `core` int(11) NOT NULL,
  `secondary` int(11) NOT NULL,
  `raport` int(11) NOT NULL,
  `un` int(11) NOT NULL,
  `umum` int(11) NOT NULL,
  PRIMARY KEY (`id`)
) ENGINE=InnoDB  DEFAULT CHARSET=utf8 AUTO_INCREMENT=2 ;

--
-- Dumping data for table `settings`
--

INSERT INTO `settings` (`id`, `core`, `secondary`, `raport`, `un`, `umum`) VALUES
(1, 75, 25, 30, 30, 40);

-- --------------------------------------------------------

--
-- Table structure for table `students`
--

CREATE TABLE IF NOT EXISTS `students` (
  `id` int(11) unsigned NOT NULL AUTO_INCREMENT,
  `name` varchar(255) NOT NULL,
  `group_1` varchar(10) NOT NULL,
  `group_2` varchar(10) NOT NULL,
  `suggestion` varchar(10) NOT NULL,
  `created_at` int(11) DEFAULT NULL,
  `updated_at` int(11) DEFAULT NULL,
  PRIMARY KEY (`id`)
) ENGINE=InnoDB  DEFAULT CHARSET=utf8 AUTO_INCREMENT=147 ;

--
-- Dumping data for table `students`
--

INSERT INTO `students` (`id`, `name`, `group_1`, `group_2`, `suggestion`, `created_at`, `updated_at`) VALUES
(1, 'Achmad Adib Romadhani', 'MIA', 'MIA', 'MIA', 1404563246, NULL),
(2, 'Achmad Zainuri', 'IIS', 'IIS', 'IIS', 1404563325, NULL),
(3, 'Adelia Safitri', 'MIA', 'IIS', 'IIS', 1404563391, NULL),
(4, 'Afifah Hasna', 'MIA', 'IIS', 'IIS', 1404563453, NULL),
(5, 'Agastian Purba Kusuma', 'IIS', 'IIS', 'IIS', 1404563530, NULL),
(6, 'Ageng Setya Budiman', 'MIA', 'IIS', 'MIA', 1404563606, NULL),
(7, 'Ahmad Arif Andriansyah', 'AGAMA', 'AGAMA', 'AGAMA', 1404563674, NULL),
(8, 'Ahmad Fanani', 'MIA', 'IIS', 'IIS', 1404563778, NULL),
(9, 'Ahmad Luqman Hakim', 'IIS', 'AGAMA', 'IIS', 1404563855, NULL),
(10, 'Ahmad Wildan Imaini', 'IIS', 'IIS', 'IIS', 1404563939, NULL),
(11, 'Ainun Lila Hibatuloh', 'IIS', 'IIS', 'IIS', 1404564010, NULL),
(12, 'Akhmad Mughnil Labib', 'MIA', 'AGAMA', 'AGAMA', 1404564095, NULL),
(13, 'Alfiani Nurlaili', 'MIA', 'IIS', 'IIS', 1404564186, NULL),
(14, 'Alfin Murtadho', 'AGAMA', 'AGAMA', 'AGAMA', 1404564268, NULL),
(15, 'Amelia Siyanti', 'IIS', 'IIS', 'IIS', 1404564333, NULL),
(16, 'Ana Noor Fauziyah', 'IIS', 'MIA', 'IIS', 1404564398, NULL),
(17, 'Anggit Esa Mahardika', 'IIS', 'IIS', 'IIS', 1404564465, NULL),
(18, 'Aniefvia Putri Mahardika Agustin', 'IIS', 'IIS', 'IIS', 1404564557, NULL),
(19, 'Anik Tri Wahyuni', 'IIS', 'MIA', 'IIS', 1404564645, NULL),
(20, 'Anisa Dyah Pramesti', 'AGAMA', 'IIS', 'AGAMA', 1404564716, NULL),
(21, 'Arin Apriliani Ekawati', 'MIA', 'IIS', 'IIS', 1404564786, NULL),
(22, 'Arinda Sitya Nikmatur Rachma', 'MIA', 'IIS', 'IIS', 1404564859, NULL),
(23, 'Ayu Intan Delima', 'IIS', 'AGAMA', 'IIS', 1404564922, NULL),
(24, 'Ayu Sulistiyana', 'MIA', 'IIS', 'IIS', 1404564998, NULL),
(25, 'Badayatul Akhlak Panuntun', 'MIA', 'IIS', 'IIS', 1404565062, NULL),
(26, 'Bagus Warsito Aji', 'AGAMA', 'AGAMA', 'AGAMA', 1404565203, 1404649607),
(27, 'Bima Dwi Indrianto', 'AGAMA', 'MIA', 'AGAMA', 1404565269, NULL),
(28, 'Binti Hidayati', 'MIA', 'MIA', 'MIA', 1404565327, NULL),
(29, 'Binti Nurul Hidayah', 'IIS', 'MIA', 'IIS', 1404565403, NULL),
(30, 'Danang Maulana W. P.', 'IIS', 'IIS', 'IIS', 1404566718, NULL),
(31, 'Dani Rega Permana', 'IIS', 'AGAMA', 'IIS', 1404566815, NULL),
(32, 'David Candra Saputra', 'IIS', 'IIS', 'IIS', 1404566883, NULL),
(33, 'Devy Eka Oktaviyanti', 'AGAMA', 'IIS', 'AGAMA', 1404566951, NULL),
(34, 'Dewi Latifah', 'MIA', 'MIA', 'MIA', 1404567022, NULL),
(35, 'Dewi Lutfiyah Nur Khoirun Nisa', 'MIA', 'MIA', 'MIA', 1404567096, NULL),
(36, 'Dewi Murtasiyah', 'MIA', 'IIS', 'IIS', 1404567183, NULL),
(37, 'Dewi Na''imatul Ulya', 'AGAMA', 'IIS', 'AGAMA', 1404567241, NULL),
(38, 'Dewi Nuraini', 'AGAMA', 'MIA', 'AGAMA', 1404567293, NULL),
(39, 'Dewi Sekar Ratri Cahyaningtyas', 'MIA', 'MIA', 'MIA', 1404567368, NULL),
(40, 'Dhimas Bayu Fernanda', 'MIA', 'AGAMA', 'AGAMA', 1404567425, NULL),
(41, 'Diah Ayu Retnosari', 'IIS', 'MIA', 'IIS', 1404567509, NULL),
(42, 'Diah Nur Alfiah', 'IIS', 'MIA', 'IIS', 1404567574, NULL),
(43, 'Dian Wahyuningrum', 'MIA', 'IIS', 'IIS', 1404567669, NULL),
(44, 'Diyana Farojiyah', 'MIA', 'AGAMA', 'AGAMA', 1404567730, NULL),
(45, 'Dwi Rahayu', 'MIA', 'IIS', 'MIA', 1404567809, NULL),
(46, 'Dwiki Bayu Hardianto', 'IIS', 'IIS', 'IIS', 1404567909, NULL),
(47, 'Eka Oktaviana', 'MIA', 'AGAMA', 'AGAMA', 1404567973, 1404641610),
(48, 'Ellen Maurent', 'AGAMA', 'AGAMA', 'AGAMA', 1404568036, NULL),
(49, 'Emira Rosyida Iffat', 'IIS', 'MIA', 'IIS', 1404568103, NULL),
(50, 'Erika Novita Sari', 'MIA', 'IIS', 'IIS', 1404568176, NULL),
(51, 'Eva Nur Farida', 'IIS', 'IIS', 'IIS', 1404568246, NULL),
(52, 'Evie Nikmatul Wahidah', 'MIA', 'IIS', 'MIA', 1404568319, NULL),
(53, 'Fajar Sholikhah', 'MIA', 'IIS', 'IIS', 1404568440, NULL),
(54, 'Farma Avifatus Sholichah', 'IIS', 'AGAMA', 'IIS', 1404568516, NULL),
(55, 'Fauziyah Imamatul Afifah', 'AGAMA', 'AGAMA', 'AGAMA', 1404568585, NULL),
(56, 'Fazna Zahrotul Fitria', 'MIA', 'IIS', 'IIS', 1404568646, NULL),
(57, 'Febrian Aji Pratama', 'MIA', 'IIS', 'IIS', 1404568708, NULL),
(58, 'Figa Firia Maharani', 'AGAMA', 'AGAMA', 'AGAMA', 1404568785, NULL),
(59, 'Hasanudin', 'AGAMA', 'AGAMA', 'AGAMA', 1404568851, NULL),
(60, 'Herman Sujianto', 'MIA', 'IIS', 'IIS', 1404568921, NULL),
(61, 'Ifanda Rahma Shafitri', 'MIA', 'MIA', 'MIA', 1404569997, NULL),
(62, 'Irmyanti Qorimatul Fadilah', 'AGAMA', 'IIS', 'AGAMA', 1404570060, NULL),
(63, 'Irsalina Khairunnisa', 'IIS', 'MIA', 'IIS', 1404570116, NULL),
(64, 'Ismayana Budi Utami', 'MIA', 'IIS', 'IIS', 1404570173, NULL),
(65, 'Ismiati Retno Andrya', 'IIS', 'IIS', 'IIS', 1404570226, NULL),
(66, 'Khabib Bullah', 'AGAMA', 'AGAMA', 'AGAMA', 1404570277, NULL),
(67, 'Kharisma Nur Cholifah', 'AGAMA', 'MIA', 'AGAMA', 1404570354, NULL),
(68, 'Kiki Dian Sari', 'IIS', 'IIS', 'IIS', 1404570411, NULL),
(69, 'Kiki Nur Agustina', 'IIS', 'AGAMA', 'IIS', 1404570490, NULL),
(70, 'Kurnia Rizqi Ardiansyah', 'AGAMA', 'AGAMA', 'AGAMA', 1404570588, NULL),
(71, 'Lailatur Rohmah', 'AGAMA', 'AGAMA', 'AGAMA', 1404570668, NULL),
(72, 'Lika Novita Astuti', 'MIA', 'MIA', 'MIA', 1404570734, NULL),
(73, 'Luluk Maknun', 'AGAMA', 'MIA', 'AGAMA', 1404570793, NULL),
(74, 'Luluk Nurazizah', 'MIA', 'IIS', 'IIS', 1404570855, NULL),
(75, 'Luthfi Nurul Aini', 'AGAMA', 'IIS', 'AGAMA', 1404570922, NULL),
(76, 'M. Iqbal Annizar Zulmi', 'AGAMA', 'IIS', 'AGAMA', 1404571002, NULL),
(77, 'M. Somi Yahya', 'MIA', 'IIS', 'MIA', 1404571065, NULL),
(78, 'M. Ardiansyah Yahya', 'MIA', 'IIS', 'IIS', 1404571125, NULL),
(79, 'M. Aziz Firdiansyah', 'MIA', 'MIA', 'MIA', 1404571187, NULL),
(80, 'M. Mu''adz Zamah Syari', 'MIA', 'AGAMA', 'AGAMA', 1404571253, NULL),
(81, 'M. Sakir Musthofa', 'AGAMA', 'IIS', 'AGAMA', 1404571321, NULL),
(82, 'Malik Aisah Pratiwi', 'AGAMA', 'AGAMA', 'AGAMA', 1404571375, NULL),
(83, 'Mastur Wahyu Amboro', 'IIS', 'AGAMA', 'IIS', 1404571432, NULL),
(84, 'Maulidatul Khasanah', 'AGAMA', 'IIS', 'AGAMA', 1404571494, NULL),
(85, 'Meiliyana Alfiyanti', 'AGAMA', 'IIS', 'AGAMA', 1404571572, NULL),
(86, 'Mike Nur Safitri', 'IIS', 'MIA', 'IIS', 1404571654, NULL),
(87, 'Moch. Ainun Na''im', 'MIA', 'IIS', 'IIS', 1404571722, NULL),
(88, 'Moch. Malik Wijaya Nafi''', 'MIA', 'IIS', 'IIS', 1404571792, NULL),
(89, 'Moch. Yusuf Ansori', 'MIA', 'MIA', 'MIA', 1404571855, NULL),
(90, 'Moh. Nur Rokhim', 'MIA', 'AGAMA', 'AGAMA', 1404571928, NULL),
(91, 'Moh. Pandu Baha Uddin', 'AGAMA', 'AGAMA', 'AGAMA', 1404571992, NULL),
(92, 'Mohamad Sofil Khoironi', 'IIS', 'MIA', 'IIS', 1404572459, NULL),
(93, 'Mohammad Bagus Saifur Ridho', 'MIA', 'AGAMA', 'AGAMA', 1404572525, NULL),
(94, 'Mohammad Rofiq Ady Syu''ud', 'IIS', 'IIS', 'IIS', 1404572601, NULL),
(95, 'Mu''alimin Efendi', 'IIS', 'MIA', 'IIS', 1404572654, NULL),
(96, 'Mufid Hani''ah', 'MIA', 'IIS', 'IIS', 1404572712, NULL),
(97, 'Muhamad Lukman Nulhakim', 'AGAMA', 'AGAMA', 'AGAMA', 1404572764, NULL),
(98, 'Muhamad Latif Ikfan', 'AGAMA', 'IIS', 'AGAMA', 1404572832, NULL),
(99, 'Nahdia Nur Chasanah', 'MIA', 'MIA', 'MIA', 1404572888, NULL),
(100, 'Nana Elisa Ulfiana', 'AGAMA', 'MIA', 'AGAMA', 1404572942, NULL),
(101, 'Niamatur Rofiah', 'MIA', 'AGAMA', 'AGAMA', 1404573009, NULL),
(102, 'Ninda Makaliswanti', 'MIA', 'IIS', 'IIS', 1404573062, NULL),
(103, 'Novita Sindy Rinda Uci', 'AGAMA', 'IIS', 'AGAMA', 1404573208, NULL),
(104, 'Nur Aini Rahma', 'MIA', 'IIS', 'IIS', 1404573321, NULL),
(105, 'Nur Hamidah', 'AGAMA', 'IIS', 'AGAMA', 1404573385, NULL),
(106, 'Nurika Indah Listiawati', 'IIS', 'IIS', 'IIS', 1404573439, NULL),
(107, 'Nuril A''isatul Amin', 'IIS', 'AGAMA', 'AGAMA', 1404573492, NULL),
(108, 'Reni Masruroh', 'MIA', 'IIS', 'IIS', 1404573559, NULL),
(109, 'Rifqi Putra Mahendra', 'MIA', 'IIS', 'IIS', 1404573617, NULL),
(110, 'Rika Kurnia Astutik', 'AGAMA', 'IIS', 'AGAMA', 1404573673, NULL),
(111, 'RIna Sari', 'MIA', 'IIS', 'IIS', 1404573728, NULL),
(112, 'Ririn Handayani', 'IIS', 'AGAMA', 'IIS', 1404573787, NULL),
(113, 'Riska Mar''tun Nafik', 'MIA', 'AGAMA', 'AGAMA', 1404573844, NULL),
(114, 'Saskia Rizki Puteri Hariyanti', 'IIS', 'IIS', 'IIS', 1404573915, NULL),
(115, 'Selvia Karomatul Islamiah', 'IIS', 'IIS', 'IIS', 1404573983, NULL),
(116, 'Sinta Wulandari', 'AGAMA', 'AGAMA', 'AGAMA', 1404574062, NULL),
(117, 'SIska Catur Meilina', 'IIS', 'MIA', 'IIS', 1404574116, NULL),
(118, 'Siti Anggraini Ningsih', 'MIA', 'IIS', 'IIS', 1404574174, NULL),
(119, 'Siti Fatimatuz Zahrok', 'MIA', 'IIS', 'IIS', 1404574231, NULL),
(120, 'Siti Istikomah', 'AGAMA', 'MIA', 'AGAMA', 1404574282, NULL),
(121, 'Siti Ma''idatul Khasanah', 'MIA', 'MIA', 'MIA', 1404574331, NULL),
(122, 'Siti Nurul Yulianingtyas', 'IIS', 'IIS', 'IIS', 1404574382, NULL),
(123, 'Siti Salisya', 'AGAMA', 'IIS', 'AGAMA', 1404574757, NULL),
(124, 'Siti Widyaningsih', 'IIS', 'IIS', 'IIS', 1404574840, NULL),
(125, 'Sri Rejeki', 'AGAMA', 'AGAMA', 'AGAMA', 1404574892, NULL),
(126, 'Suci Wijayanti', 'MIA', 'IIS', 'IIS', 1404575023, NULL),
(127, 'Syaifudin Nur Prasetya', 'MIA', 'IIS', 'IIS', 1404575076, NULL),
(128, 'Tifanny Febriyanti Putri', 'IIS', 'IIS', 'IIS', 1404575130, NULL),
(129, 'Titik Masruroh', 'MIA', 'MIA', 'MIA', 1404575190, NULL),
(130, 'Traichynella Mellyagrina Tesyanica', 'MIA', 'IIS', 'IIS', 1404575258, NULL),
(131, 'Ulin Nuha Andriani', 'IIS', 'IIS', 'IIS', 1404575311, NULL),
(132, 'Umar Ali Said', 'IIS', 'IIS', 'IIS', 1404575364, NULL),
(133, 'Umi Fadilah', 'MIA', 'AGAMA', 'AGAMA', 1404575490, NULL),
(134, 'Wannudya Endah K. D.', 'IIS', 'IIS', 'IIS', 1404575539, NULL),
(135, 'Wilujeng Lutfi Rizqona', 'AGAMA', 'AGAMA', 'AGAMA', 1404575604, NULL),
(136, 'Winda Alviana Widhiatama', 'MIA', 'IIS', 'MIA', 1404575655, NULL),
(137, 'Wisnu Anang Saputro', 'MIA', 'MIA', 'MIA', 1404575710, NULL),
(138, 'Yeni Rahma Wati', 'IIS', 'MIA', 'IIS', 1404575790, NULL),
(139, 'Yenis', 'AGAMA', 'AGAMA', 'AGAMA', 1404575834, NULL),
(140, 'Yeyen Della Rahayu', 'AGAMA', 'AGAMA', 'AGAMA', 1404575919, NULL),
(141, 'Yudha Dwi Anggono', 'AGAMA', 'IIS', 'AGAMA', 1404575979, NULL),
(142, 'Yuni Nur Azizah', 'AGAMA', 'IIS', 'AGAMA', 1404576039, NULL),
(143, 'Yunita Tri Ananda', 'IIS', 'IIS', 'IIS', 1404576104, NULL),
(144, 'Yusuf Bachtiar Effendi', 'IIS', 'AGAMA', 'IIS', 1404576150, NULL),
(145, 'Yusuf Eka Alvino Agustian', 'AGAMA', 'IIS', 'AGAMA', 1404576205, NULL),
(146, 'Zumrotul Waki''ah', 'AGAMA', 'IIS', 'AGAMA', 1404576259, NULL);

/*!40101 SET CHARACTER_SET_CLIENT=@OLD_CHARACTER_SET_CLIENT */;
/*!40101 SET CHARACTER_SET_RESULTS=@OLD_CHARACTER_SET_RESULTS */;
/*!40101 SET COLLATION_CONNECTION=@OLD_COLLATION_CONNECTION */;
